[{
		"description":	"short body",
		"expression":	"",
		"type":	2,
		"truePositives":	31,
		"falsePositives":	11
	}, {
		"description":	"where do I get",
		"expression":	"where do I get",
		"type":	0,
		"truePositives":	50,
		"falsePositives":	0
	}, {
		"description":	"plz",
		"expression":	"plz",
		"type":	0,
		"truePositives":	26,
		"falsePositives":	0
	}, {
		"description":	"write a program that",
		"expression":	"write a program that",
		"type":	0,
		"truePositives":	25,
		"falsePositives":	0
	}, {
		"description":	"downvote",
		"expression":	"downvote",
		"type":	0,
		"truePositives":	25,
		"falsePositives":	0
	}, {
		"description":	"battery",
		"expression":	"battery",
		"type":	0,
		"truePositives":	25,
		"falsePositives":	0
	}, {
		"description":	"find answer",
		"expression":	"find answer",
		"type":	0,
		"truePositives":	20,
		"falsePositives":	5
	}, {
		"description":	"unclear",
		"expression":	"unclear",
		"type":	0,
		"truePositives":	20,
		"falsePositives":	5
	}, {
		"description":	"get started",
		"expression":	"get started",
		"type":	0,
		"truePositives":	17,
		"falsePositives":	8
	}, {
		"description":	"telephone",
		"expression":	"telephone",
		"type":	0,
		"truePositives":	16,
		"falsePositives":	9
	}, {
		"description":	"opinion",
		"expression":	"opinion",
		"type":	0,
		"truePositives":	16,
		"falsePositives":	9
	}, {
		"description":	"dumb",
		"expression":	"dumb",
		"type":	0,
		"truePositives":	16,
		"falsePositives":	9
	}, {
		"description":	"screw",
		"expression":	"screw",
		"type":	0,
		"truePositives":	14,
		"falsePositives":	11
	}, {
		"description":	"electr",
		"expression":	"electr",
		"type":	0,
		"truePositives":	14,
		"falsePositives":	11
	}, {
		"description":	"write code",
		"expression":	"write code",
		"type":	0,
		"truePositives":	14,
		"falsePositives":	12
	}, {
		"description":	"where do",
		"expression":	"where do",
		"type":	0,
		"truePositives":	13,
		"falsePositives":	12
	}, {
		"description":	"how will",
		"expression":	"how will",
		"type":	0,
		"truePositives":	13,
		"falsePositives":	12
	}, {
		"description":	"radio",
		"expression":	"radio",
		"type":	0,
		"truePositives":	12,
		"falsePositives":	14
	}, {
		"description":	"the best",
		"expression":	"the best",
		"type":	0,
		"truePositives":	18,
		"falsePositives":	15
	}, {
		"description":	"happy",
		"expression":	"happy",
		"type":	0,
		"truePositives":	11,
		"falsePositives":	14
	}, {
		"description":	"where can i find",
		"expression":	"where can i find",
		"type":	0,
		"truePositives":	11,
		"falsePositives":	14
	}, {
		"description":	"sell",
		"expression":	"sell",
		"type":	0,
		"truePositives":	11,
		"falsePositives":	14
	}, {
		"description":	"sorry",
		"expression":	"sorry",
		"type":	0,
		"truePositives":	12,
		"falsePositives":	15
	}, {
		"description":	"algo",
		"expression":	"algo",
		"type":	0,
		"truePositives":	12,
		"falsePositives":	15
	}, {
		"description":	"homework",
		"expression":	"homework",
		"type":	0,
		"truePositives":	10,
		"falsePositives":	15
	}, {
		"description":	"topic",
		"expression":	"topic",
		"type":	0,
		"truePositives":	10,
		"falsePositives":	17
	}, {
		"description":	"help me",
		"expression":	"help me",
		"type":	0,
		"truePositives":	17,
		"falsePositives":	21
	}, {
		"description":	"sorry",
		"expression":	"sorry",
		"type":	0,
		"truePositives":	12,
		"falsePositives":	15
	}, {
		"description":	"usb",
		"expression":	"usb",
		"type":	0,
		"truePositives":	10,
		"falsePositives":	15
	}, {
		"description":	"computer",
		"expression":	"computer",
		"type":	0,
		"truePositives":	11,
		"falsePositives":	16
	}, {
		"description":	"legal",
		"expression":	"legal",
		"type":	0,
		"truePositives":	10,
		"falsePositives":	15
	}, {
		"description":	"answer",
		"expression":	"answer",
		"type":	0,
		"truePositives":	11,
		"falsePositives":	17
	}, {
		"description":	"cricket",
		"expression":	"cricket",
		"type":	0,
		"truePositives":	10,
		"falsePositives":	15
	}, {
		"description":	"software",
		"expression":	"software",
		"type":	0,
		"truePositives":	10,
		"falsePositives":	15
	}, {
		"description":	"to start",
		"expression":	"to start",
		"type":	0,
		"truePositives":	11,
		"falsePositives":	17
	}, {
		"description":	"cant",
		"expression":	"cant",
		"type":	0,
		"truePositives":	9,
		"falsePositives":	17
	}, {
		"description":	"where to",
		"expression":	"where to",
		"type":	0,
		"truePositives":	10,
		"falsePositives":	17
	}, {
		"description":	"english",
		"expression":	"english",
		"type":	0,
		"truePositives":	10,
		"falsePositives":	16
	}, {
		"description":	"hardware",
		"expression":	"hardware",
		"type":	0,
		"truePositives":	9,
		"falsePositives":	16
	}, {
		"description":	"good",
		"expression":	"good",
		"type":	0,
		"truePositives":	12,
		"falsePositives":	21
	}, {
		"description":	"print",
		"expression":	"print",
		"type":	0,
		"truePositives":	9,
		"falsePositives":	24
	}, {
		"description":	"cable",
		"expression":	"cable",
		"type":	0,
		"truePositives":	8,
		"falsePositives":	17
	}, {
		"description":	"vote",
		"expression":	"vote",
		"type":	0,
		"truePositives":	8,
		"falsePositives":	17
	}, {
		"description":	"tutorial",
		"expression":	"tutorial",
		"type":	0,
		"truePositives":	10,
		"falsePositives":	19
	}, {
		"description":	"thank you",
		"expression":	"thank you",
		"type":	0,
		"truePositives":	8,
		"falsePositives":	17
	}, {
		"description":	"possible",
		"expression":	"possible",
		"type":	0,
		"truePositives":	15,
		"falsePositives":	25
	}, {
		"description":	"keyboard",
		"expression":	"keyboard",
		"type":	0,
		"truePositives":	7,
		"falsePositives":	19
	}, {
		"description":	"laptop",
		"expression":	"laptop",
		"type":	0,
		"truePositives":	7,
		"falsePositives":	18
	}, {
		"description":	"buy",
		"expression":	"buy",
		"type":	0,
		"truePositives":	7,
		"falsePositives":	18
	}, {
		"description":	"thanks",
		"expression":	"thanks",
		"type":	0,
		"truePositives":	7,
		"falsePositives":	18
	}, {
		"description":	"help",
		"expression":	"help",
		"type":	0,
		"truePositives":	19,
		"falsePositives":	29
	}, {
		"description":	"i need",
		"expression":	"i need",
		"type":	0,
		"truePositives":	7,
		"falsePositives":	18
	}, {
		"description":	"exam",
		"expression":	"exam",
		"type":	0,
		"truePositives":	16,
		"falsePositives":	26
	}, {
		"description":	"how to",
		"expression":	"how to",
		"type":	0,
		"truePositives":	9,
		"falsePositives":	24
	}, {
		"description":	"can",
		"expression":	"can",
		"type":	0,
		"truePositives":	27,
		"falsePositives":	41
	}, {
		"description":	"will",
		"expression":	"will",
		"type":	0,
		"truePositives":	12,
		"falsePositives":	25
	}, {
		"description":	"person",
		"expression":	"person",
		"type":	0,
		"truePositives":	9,
		"falsePositives":	20
	}]